{
  "name": "craftpanel",
  "title": "合成面板",
  "description": "使用元素成分而非具体材料进行合成的系统。",
  "version": "1.0.1",
  "author": "EternalRider",
  "languages": [
    {
      "lang": "cn",
      "name": "中文",
      "path": "lang/cn.json"
    }
  ],
  "dependencies": [
    {
      "type": "module",
      "name": "portal-lib",
      "manifest": "https://github.com/theripper93/portal-lib/releases/latest/download/module.json"
    },
    {
      "type": "module",
      "name": "socketlib",
      "manifest": "https://raw.githubusercontent.com/manuelVo/foundryvtt-socketlib/master/module.json"
    }
  ],
  "socket": true,
  "esmodules": ["./scripts/init.js"],
  "scripts": [],
  "styles": [
    "./styles/module.css"
  ],
  "packs": [],
  "url": "https://github.com/EternalRider/craftpanel",
  "compatibility": {
        "minimum": "11",
        "verified": "12"
    },
  "manifest": "https://github.com/EternalRider/craftpanel/releases/download/1.0.1/module.json",
  "download": "https://github.com/EternalRider/craftpanel/releases/download/1.0.1/craftpanel.zip"
}
