{
  "name": "craftpanel",
  "id": "craftpanel",
  "title": "合成面板",
  "description": "使用元素成分而非具体材料进行合成的系统。",
  "version": "2.0.2",
  "authors": [
    {
      "name": "EternalRider"
    }
  ],
  "languages": [
    {
      "lang": "cn",
      "name": "中文",
      "path": "lang/cn.json"
    }
  ],
  "relationships": {
    "requires": [],
    "recommends": [],
    "conflicts": []
  },
  "socket": true,
  "esmodules": [
    "./scripts/init.js"
  ],
  "scripts": [],
  "styles": [
    "./styles/module.css"
  ],
  "packs": [],
  "url": "https://github.com/EternalRider/craftpanel",
  "compatibility": {
    "minimum": "12",
    "verified": "13"
  },
  "manifest": "https://github.com/EternalRider/craftpanel/releases/download/2.0.2/module.json",
  "download": "https://github.com/EternalRider/craftpanel/releases/download/2.0.2/craftpanel.zip"
}